CREATE TABLE "PROJECTION_TYPE" (
	"ID"	INTEGER NOT NULL UNIQUE,
	"NAME"	TEXT NOT NULL,
	PRIMARY KEY("ID" AUTOINCREMENT)
);

CREATE TABLE "USER" (
	"ID"	INTEGER NOT NULL UNIQUE,
	"USERNAME"	TEXT NOT NULL UNIQUE,
	"PASSWORD"	TEXT NOT NULL,
	"DATE"	TEXT NOT NULL,
	"ROLE"	TEXT NOT NULL,
	"DELETED"	INTEGER NOT NULL,
	PRIMARY KEY("ID" AUTOINCREMENT)
);

CREATE TABLE "MOVIE" (
	"ID"	INTEGER NOT NULL UNIQUE,
	"NAME"	TEXT NOT NULL,
	"DIRECTOR"	TEXT,
	"ACTORS"	TEXT,
	"GENRES"	TEXT,
	"DURATION"	INTEGER NOT NULL,
	"DISTRIBUTOR"	TEXT NOT NULL,
	"COUNTRY"	TEXT NOT NULL,
	"YEAR"	INTEGER NOT NULL,
	"DESCRIPTION"	TEXT,
	"DELETED"	INTEGER NOT NULL,
	PRIMARY KEY("ID" AUTOINCREMENT)
);

CREATE TABLE "HALL" (
	"ID"	INTEGER NOT NULL UNIQUE,
	"NAME"	TEXT NOT NULL,
	"PROJECTION_TYPE_LIST"	TEXT NOT NULL,
	PRIMARY KEY("ID")
);

CREATE TABLE "PROJECTION" (
	"ID"	INTEGER NOT NULL UNIQUE,
	"MOVIE_ID"	INTEGER NOT NULL,
	"PROJECTION_TYPE_ID"	INTEGER NOT NULL,
	"HALL_ID"	INTEGER NOT NULL,
	"DATE"	TEXT NOT NULL,
	"PRICE"	REAL NOT NULL,
	"USER_ID"	INTEGER NOT NULL,
	"DELETED"	INTEGER NOT NULL,
	PRIMARY KEY("ID" AUTOINCREMENT)
);
CREATE TABLE "TICKET" (
	"ID"	INTEGER NOT NULL UNIQUE,
	"PROJECTION_ID"	INTEGER NOT NULL,
	"SEAT_NUMBER"	INTEGER NOT NULL,
	"DATE"	TEXT NOT NULL,
	"USER_ID"	INTEGER NOT NULL,
	"DELETED"	INTEGER NOT NULL,
	PRIMARY KEY("ID" AUTOINCREMENT)
);

CREATE TABLE "SEAT" (
	"ID"	INTEGER NOT NULL UNIQUE,
	"NUMBER"	INTEGER NOT NULL,
	"HALL_ID"	INTEGER NOT NULL,
	PRIMARY KEY("ID" AUTOINCREMENT)
);

INSERT INTO PROJECTION_TYPE (ID, NAME) VALUES (1, "2D");
INSERT INTO PROJECTION_TYPE (ID, NAME) VALUES (2, "3D");
INSERT INTO PROJECTION_TYPE (ID, NAME) VALUES (3, "4D");

INSERT INTO HALL (ID, NAME, PROJECTION_TYPE_LIST) VALUES (1, "Hall 1", "1,2");
INSERT INTO HALL (ID, NAME, PROJECTION_TYPE_LIST) VALUES (2, "Hall 2", "2,3");
INSERT INTO HALL (ID, NAME, PROJECTION_TYPE_LIST) VALUES (3, "Hall 3", "1,3");
INSERT INTO HALL (ID, NAME, PROJECTION_TYPE_LIST) VALUES (4, "Hall 4", "2");

INSERT INTO USER (ID, USERNAME, PASSWORD, DATE, ROLE, DELETED) VALUES (1, "a", "123123", "2020-08-02 17:15:54", "admin", 0);
INSERT INTO USER (ID, USERNAME, PASSWORD, DATE, ROLE, DELETED) VALUES (2, "b", "123123", "2020-08-01 18:50:33", "member", 0);
INSERT INTO USER (ID, USERNAME, PASSWORD, DATE, ROLE, DELETED) VALUES (3, "c", "123123", "2020-08-01 20:00:07", "member", 0);

INSERT INTO SEAT (ID, NUMBER, HALL_ID) VALUES (1, 1, 1);
INSERT INTO SEAT (ID, NUMBER, HALL_ID) VALUES (2, 2, 1);
INSERT INTO SEAT (ID, NUMBER, HALL_ID) VALUES (3, 3, 1);
INSERT INTO SEAT (ID, NUMBER, HALL_ID) VALUES (4, 4, 1);
INSERT INTO SEAT (ID, NUMBER, HALL_ID) VALUES (5, 5, 1);

INSERT INTO SEAT (ID, NUMBER, HALL_ID) VALUES (6, 1, 2);
INSERT INTO SEAT (ID, NUMBER, HALL_ID) VALUES (7, 2, 2);
INSERT INTO SEAT (ID, NUMBER, HALL_ID) VALUES (8, 3, 2);
INSERT INTO SEAT (ID, NUMBER, HALL_ID) VALUES (9, 4, 2);
INSERT INTO SEAT (ID, NUMBER, HALL_ID) VALUES (10, 5, 2);
INSERT INTO SEAT (ID, NUMBER, HALL_ID) VALUES (11, 6, 2);
INSERT INTO SEAT (ID, NUMBER, HALL_ID) VALUES (12, 7, 2);
INSERT INTO SEAT (ID, NUMBER, HALL_ID) VALUES (13, 8, 2);
INSERT INTO SEAT (ID, NUMBER, HALL_ID) VALUES (14, 9, 2);
INSERT INTO SEAT (ID, NUMBER, HALL_ID) VALUES (15, 10, 2);

INSERT INTO SEAT (ID, NUMBER, HALL_ID) VALUES (16, 1, 3);
INSERT INTO SEAT (ID, NUMBER, HALL_ID) VALUES (17, 2, 3);
INSERT INTO SEAT (ID, NUMBER, HALL_ID) VALUES (18, 3, 3);
INSERT INTO SEAT (ID, NUMBER, HALL_ID) VALUES (19, 4, 3);
INSERT INTO SEAT (ID, NUMBER, HALL_ID) VALUES (20, 5, 3);
INSERT INTO SEAT (ID, NUMBER, HALL_ID) VALUES (21, 6, 3);

INSERT INTO SEAT (ID, NUMBER, HALL_ID) VALUES (22, 1, 4);
INSERT INTO SEAT (ID, NUMBER, HALL_ID) VALUES (23, 2, 4);
INSERT INTO SEAT (ID, NUMBER, HALL_ID) VALUES (24, 3, 4);
INSERT INTO SEAT (ID, NUMBER, HALL_ID) VALUES (25, 4, 4);
INSERT INTO SEAT (ID, NUMBER, HALL_ID) VALUES (26, 5, 4);

INSERT INTO MOVIE (ID, NAME, DIRECTOR, ACTORS, GENRES, DURATION, DISTRIBUTOR, COUNTRY, YEAR, DESCRIPTION, DELETED) VALUES (1, "Shutter Island", "Martin Scorsese", " Leonardo DiCaprio, Emily Mortimer, Mark Ruffalo", "Mystery, Thriller", 138, "Paramount Pictures", "US", 2010, "In 1954, a U.S. Marshal investigates the disappearance of a murderer who escaped from a hospital for the criminally insane.", 0);
INSERT INTO MOVIE (ID, NAME, DIRECTOR, ACTORS, GENRES, DURATION, DISTRIBUTOR, COUNTRY, YEAR, DESCRIPTION, DELETED) VALUES (2, "The Godfather", "Francis Ford Coppola", "Marlon Brando, Al Pacino, James Caan", "Action, Sci-Fi ", 175, "Paramount Pictures", "UK", 1972, "The aging patriarch of an organized crime dynasty transfers control of his clandestine empire to his reluctant son.", 0);
INSERT INTO MOVIE (ID, NAME, DIRECTOR, ACTORS, GENRES, DURATION, DISTRIBUTOR, COUNTRY, YEAR, DESCRIPTION, DELETED) VALUES (3, "The Matrix", "Lana Wachowski", "Keanu Reeves, Laurence Fishburne, Carrie-Anne Moss", "Mystery, Thriller", 136, "Warner Bros.", "UK", 1999, "A computer hacker learns from mysterious rebels about the true nature of his reality and his role in the war against its controllers.", 0);
INSERT INTO MOVIE (ID, NAME, DIRECTOR, ACTORS, GENRES, DURATION, DISTRIBUTOR, COUNTRY, YEAR, DESCRIPTION, DELETED) VALUES (4, "Pulp Fiction", "Quentin Tarantino", "John Travolta, Uma Thurman, Samuel L. Jackson", " Crime, Drama", 154, "Miramax Films", "UK", 1994, "The lives of two mob hitmen, a boxer, a gangster and his wife, and a pair of diner bandits intertwine in four tales of violence and redemption.", 0);
INSERT INTO MOVIE (ID, NAME, DIRECTOR, ACTORS, GENRES, DURATION, DISTRIBUTOR, COUNTRY, YEAR, DESCRIPTION, DELETED) VALUES (5, "Forrest Gump", "Robert Zemeckis", "Tom Hanks, Robin Wright, Gary Sinise", "Drama, Romance", 142, "Paramount Pictures", "UK", 1994, "The presidencies of Kennedy and Johnson, the events of Vietnam, Watergate and other historical events unfold through the perspective of an Alabama man with an IQ of 75, whose only desire is to be reunited with his childhood sweetheart.", 0);
INSERT INTO MOVIE (ID, NAME, DIRECTOR, ACTORS, GENRES, DURATION, DISTRIBUTOR, COUNTRY, YEAR, DESCRIPTION, DELETED) VALUES (6, "The Shawshank Redemption", "Frank Darabont", "Tim Robbins, Morgan Freeman, Bob Gunton", "Drama", 142, "Columbia Pictures", "UK", 1994, "Two imprisoned men bond over a number of years, finding solace and eventual redemption through acts of common decency.", 0);
INSERT INTO MOVIE (ID, NAME, DIRECTOR, ACTORS, GENRES, DURATION, DISTRIBUTOR, COUNTRY, YEAR, DESCRIPTION, DELETED) VALUES (7, "Inception", "Christopher Nolan", "Leonardo DiCaprio, Joseph Gordon-Levitt, Ellen Page", "Action, Adventure, Sci-Fi", 148, "Warner Bros. Pictures", "US", 2010, "A thief who steals corporate secrets through the use of dream-sharing technology is given the inverse task of planting an idea into the mind of a C.E.O.", 0);
INSERT INTO MOVIE (ID, NAME, DIRECTOR, ACTORS, GENRES, DURATION, DISTRIBUTOR, COUNTRY, YEAR, DESCRIPTION, DELETED) VALUES (8, "Interstellar", "Christopher Nolan", "Matthew McConaughey, Anne Hathaway, Jessica Chastain", "Adventure, Drama, Sci-Fi", 169, "Paramount Pictures", "US", 2014, "A team of explorers travel through a wormhole in space in an attempt to ensure humanity's survival.", 0);
INSERT INTO MOVIE (ID, NAME, DIRECTOR, ACTORS, GENRES, DURATION, DISTRIBUTOR, COUNTRY, YEAR, DESCRIPTION, DELETED) VALUES (9, "Fight Club", "David Fincher", "Brad Pitt, Edward Norton, Meat Loaf", " Dram", 139, "20th Century Studios", "US", 1999, "An insomniac office worker and a devil-may-care soapmaker form an underground fight club that evolves into something much, much more.", 0);
INSERT INTO MOVIE (ID, NAME, DIRECTOR, ACTORS, GENRES, DURATION, DISTRIBUTOR, COUNTRY, YEAR, DESCRIPTION, DELETED) VALUES (10, "Parasite", "Bong Joon Ho", "Kang-ho Song, Sun-kyun Lee, Yeo-jeong Jo", " Comedy, Drama, Thriller", 132, "CJ Entertainment", "South Korea", 2019, "Greed and class discrimination threaten the newly formed symbiotic relationship between the wealthy Park family and the destitute Kim clan.", 0);

INSERT INTO PROJECTION (ID, MOVIE_ID, PROJECTION_TYPE_ID, HALL_ID, DATE, PRICE, USER_ID, DELETED) VALUES (1,1,1,1,"2020-09-15 22:30:00",5,1,0);
INSERT INTO PROJECTION (ID, MOVIE_ID, PROJECTION_TYPE_ID, HALL_ID, DATE, PRICE, USER_ID, DELETED) VALUES (2,1,2,2,"2020-09-16 16:00:00",6,1,0);
INSERT INTO PROJECTION (ID, MOVIE_ID, PROJECTION_TYPE_ID, HALL_ID, DATE, PRICE, USER_ID, DELETED) VALUES (3,2,3,3,"2020-09-14 10:00:00",7,1,0);
INSERT INTO PROJECTION (ID, MOVIE_ID, PROJECTION_TYPE_ID, HALL_ID, DATE, PRICE, USER_ID, DELETED) VALUES (4,2,3,3,"2020-09-15 16:00:00",4,1,0);
INSERT INTO PROJECTION (ID, MOVIE_ID, PROJECTION_TYPE_ID, HALL_ID, DATE, PRICE, USER_ID, DELETED) VALUES (5,3,2,4,"2020-09-13 16:00:00",4.5,1,0);
INSERT INTO PROJECTION (ID, MOVIE_ID, PROJECTION_TYPE_ID, HALL_ID, DATE, PRICE, USER_ID, DELETED) VALUES (6,3,1,1,"2020-09-16 10:00:00",5.5,1,0);
INSERT INTO PROJECTION (ID, MOVIE_ID, PROJECTION_TYPE_ID, HALL_ID, DATE, PRICE, USER_ID, DELETED) VALUES (7,4,2,2,"2020-09-13 22:00:00",10,1,0);
INSERT INTO PROJECTION (ID, MOVIE_ID, PROJECTION_TYPE_ID, HALL_ID, DATE, PRICE, USER_ID, DELETED) VALUES (8,4,1,3,"2020-09-16 22:00:00",4,1,0);
INSERT INTO PROJECTION (ID, MOVIE_ID, PROJECTION_TYPE_ID, HALL_ID, DATE, PRICE, USER_ID, DELETED) VALUES (9,5,3,1,"2020-09-17 22:00:00",7.5,1,0);
INSERT INTO PROJECTION (ID, MOVIE_ID, PROJECTION_TYPE_ID, HALL_ID, DATE, PRICE, USER_ID, DELETED) VALUES (10,5,1,3,"2020-09-15 12:00:00",5.9,1,0);
INSERT INTO PROJECTION (ID, MOVIE_ID, PROJECTION_TYPE_ID, HALL_ID, DATE, PRICE, USER_ID, DELETED) VALUES (11,6,1,1,"2020-09-17 16:00:00",4.9,1,0);
INSERT INTO PROJECTION (ID, MOVIE_ID, PROJECTION_TYPE_ID, HALL_ID, DATE, PRICE, USER_ID, DELETED) VALUES (12,6,3,2,"2020-09-15 08:00:00",7,1,0);
INSERT INTO PROJECTION (ID, MOVIE_ID, PROJECTION_TYPE_ID, HALL_ID, DATE, PRICE, USER_ID, DELETED) VALUES (13,7,2,4,"2020-09-14 10:00:00",5,1,0);
INSERT INTO PROJECTION (ID, MOVIE_ID, PROJECTION_TYPE_ID, HALL_ID, DATE, PRICE, USER_ID, DELETED) VALUES (14,8,2,2,"2020-09-14 16:00:00",8,1,0);
INSERT INTO PROJECTION (ID, MOVIE_ID, PROJECTION_TYPE_ID, HALL_ID, DATE, PRICE, USER_ID, DELETED) VALUES (15,9,3,3,"2020-09-17 10:00:00",5,1,0);
INSERT INTO PROJECTION (ID, MOVIE_ID, PROJECTION_TYPE_ID, HALL_ID, DATE, PRICE, USER_ID, DELETED) VALUES (16,10,1,1,"2020-09-14 22:00:00",5,1,0);

INSERT INTO PROJECTION (ID, MOVIE_ID, PROJECTION_TYPE_ID, HALL_ID, DATE, PRICE, USER_ID, DELETED) VALUES (17,1,1,3,"2020-09-15 22:30:00",5,1,0);
INSERT INTO PROJECTION (ID, MOVIE_ID, PROJECTION_TYPE_ID, HALL_ID, DATE, PRICE, USER_ID, DELETED) VALUES (18,1,2,1,"2020-09-16 16:00:00",6,1,0);
INSERT INTO PROJECTION (ID, MOVIE_ID, PROJECTION_TYPE_ID, HALL_ID, DATE, PRICE, USER_ID, DELETED) VALUES (19,2,3,2,"2020-09-14 10:00:00",7,1,0);
INSERT INTO PROJECTION (ID, MOVIE_ID, PROJECTION_TYPE_ID, HALL_ID, DATE, PRICE, USER_ID, DELETED) VALUES (20,2,3,2,"2020-09-15 16:00:00",4,1,0);
INSERT INTO PROJECTION (ID, MOVIE_ID, PROJECTION_TYPE_ID, HALL_ID, DATE, PRICE, USER_ID, DELETED) VALUES (21,3,2,1,"2020-09-13 16:00:00",4.5,1,0);
INSERT INTO PROJECTION (ID, MOVIE_ID, PROJECTION_TYPE_ID, HALL_ID, DATE, PRICE, USER_ID, DELETED) VALUES (22,3,1,3,"2020-09-16 10:00:00",5.5,1,0);
INSERT INTO PROJECTION (ID, MOVIE_ID, PROJECTION_TYPE_ID, HALL_ID, DATE, PRICE, USER_ID, DELETED) VALUES (23,4,2,4,"2020-09-13 22:00:00",10,1,0);
INSERT INTO PROJECTION (ID, MOVIE_ID, PROJECTION_TYPE_ID, HALL_ID, DATE, PRICE, USER_ID, DELETED) VALUES (24,4,1,1,"2020-09-16 22:00:00",4,1,0);
INSERT INTO PROJECTION (ID, MOVIE_ID, PROJECTION_TYPE_ID, HALL_ID, DATE, PRICE, USER_ID, DELETED) VALUES (25,5,3,2,"2020-09-17 22:00:00",7.5,1,0);
INSERT INTO PROJECTION (ID, MOVIE_ID, PROJECTION_TYPE_ID, HALL_ID, DATE, PRICE, USER_ID, DELETED) VALUES (26,5,1,1,"2020-09-15 12:00:00",5.9,1,0);
INSERT INTO PROJECTION (ID, MOVIE_ID, PROJECTION_TYPE_ID, HALL_ID, DATE, PRICE, USER_ID, DELETED) VALUES (27,6,1,3,"2020-09-17 16:00:00",4.9,1,0);
INSERT INTO PROJECTION (ID, MOVIE_ID, PROJECTION_TYPE_ID, HALL_ID, DATE, PRICE, USER_ID, DELETED) VALUES (28,6,3,3,"2020-09-15 08:00:00",7,1,0);
INSERT INTO PROJECTION (ID, MOVIE_ID, PROJECTION_TYPE_ID, HALL_ID, DATE, PRICE, USER_ID, DELETED) VALUES (29,7,2,2,"2020-09-14 10:00:00",5,1,0);
INSERT INTO PROJECTION (ID, MOVIE_ID, PROJECTION_TYPE_ID, HALL_ID, DATE, PRICE, USER_ID, DELETED) VALUES (30,8,2,4,"2020-09-14 16:00:00",8,1,0);
INSERT INTO PROJECTION (ID, MOVIE_ID, PROJECTION_TYPE_ID, HALL_ID, DATE, PRICE, USER_ID, DELETED) VALUES (31,9,3,2,"2020-09-17 10:00:00",5,1,0);
INSERT INTO PROJECTION (ID, MOVIE_ID, PROJECTION_TYPE_ID, HALL_ID, DATE, PRICE, USER_ID, DELETED) VALUES (32,10,1,3,"2020-09-14 22:00:00",5,1,0);

--korisnik b jedna karta za svaku projekciju sediste  1
INSERT INTO TICKET (ID, PROJECTION_ID, SEAT_NUMBER, DATE, USER_ID, DELETED) VALUES (1,1,1,"2020-09-10 22:30:00",2,0);
INSERT INTO TICKET (ID, PROJECTION_ID, SEAT_NUMBER, DATE, USER_ID, DELETED) VALUES (2,2,1,"2020-09-10 22:30:00",2,0);
INSERT INTO TICKET (ID, PROJECTION_ID, SEAT_NUMBER, DATE, USER_ID, DELETED) VALUES (3,3,1,"2020-09-10 22:30:00",2,0);
INSERT INTO TICKET (ID, PROJECTION_ID, SEAT_NUMBER, DATE, USER_ID, DELETED) VALUES (4,4,1,"2020-09-10 22:30:00",2,0);
INSERT INTO TICKET (ID, PROJECTION_ID, SEAT_NUMBER, DATE, USER_ID, DELETED) VALUES (5,5,1,"2020-09-10 22:30:00",2,0);
INSERT INTO TICKET (ID, PROJECTION_ID, SEAT_NUMBER, DATE, USER_ID, DELETED) VALUES (6,6,1,"2020-09-10 22:30:00",2,0);
INSERT INTO TICKET (ID, PROJECTION_ID, SEAT_NUMBER, DATE, USER_ID, DELETED) VALUES (7,7,1,"2020-09-10 22:30:00",2,0);
INSERT INTO TICKET (ID, PROJECTION_ID, SEAT_NUMBER, DATE, USER_ID, DELETED) VALUES (8,8,1,"2020-09-10 22:30:00",2,0);
INSERT INTO TICKET (ID, PROJECTION_ID, SEAT_NUMBER, DATE, USER_ID, DELETED) VALUES (9,9,1,"2020-09-10 22:30:00",2,0);
INSERT INTO TICKET (ID, PROJECTION_ID, SEAT_NUMBER, DATE, USER_ID, DELETED) VALUES (10,10,1,"2020-09-10 22:30:00",2,0);
INSERT INTO TICKET (ID, PROJECTION_ID, SEAT_NUMBER, DATE, USER_ID, DELETED) VALUES (11,11,1,"2020-09-10 22:30:00",2,0);
INSERT INTO TICKET (ID, PROJECTION_ID, SEAT_NUMBER, DATE, USER_ID, DELETED) VALUES (12,12,1,"2020-09-10 22:30:00",2,0);
INSERT INTO TICKET (ID, PROJECTION_ID, SEAT_NUMBER, DATE, USER_ID, DELETED) VALUES (13,13,1,"2020-09-10 22:30:00",2,0);
INSERT INTO TICKET (ID, PROJECTION_ID, SEAT_NUMBER, DATE, USER_ID, DELETED) VALUES (14,14,1,"2020-09-10 22:30:00",2,0);
INSERT INTO TICKET (ID, PROJECTION_ID, SEAT_NUMBER, DATE, USER_ID, DELETED) VALUES (15,15,1,"2020-09-10 22:30:00",2,0);
INSERT INTO TICKET (ID, PROJECTION_ID, SEAT_NUMBER, DATE, USER_ID, DELETED) VALUES (16,16,1,"2020-09-10 22:30:00",2,0);
INSERT INTO TICKET (ID, PROJECTION_ID, SEAT_NUMBER, DATE, USER_ID, DELETED) VALUES (17,17,1,"2020-09-10 22:30:00",2,0);
INSERT INTO TICKET (ID, PROJECTION_ID, SEAT_NUMBER, DATE, USER_ID, DELETED) VALUES (18,18,1,"2020-09-10 22:30:00",2,0);
INSERT INTO TICKET (ID, PROJECTION_ID, SEAT_NUMBER, DATE, USER_ID, DELETED) VALUES (19,19,1,"2020-09-10 22:30:00",2,0);
INSERT INTO TICKET (ID, PROJECTION_ID, SEAT_NUMBER, DATE, USER_ID, DELETED) VALUES (20,20,1,"2020-09-10 22:30:00",2,0);
INSERT INTO TICKET (ID, PROJECTION_ID, SEAT_NUMBER, DATE, USER_ID, DELETED) VALUES (21,21,1,"2020-09-10 22:30:00",2,0);
INSERT INTO TICKET (ID, PROJECTION_ID, SEAT_NUMBER, DATE, USER_ID, DELETED) VALUES (22,22,1,"2020-09-10 22:30:00",2,0);
INSERT INTO TICKET (ID, PROJECTION_ID, SEAT_NUMBER, DATE, USER_ID, DELETED) VALUES (23,23,1,"2020-09-10 22:30:00",2,0);
INSERT INTO TICKET (ID, PROJECTION_ID, SEAT_NUMBER, DATE, USER_ID, DELETED) VALUES (24,24,1,"2020-09-10 22:30:00",2,0);
INSERT INTO TICKET (ID, PROJECTION_ID, SEAT_NUMBER, DATE, USER_ID, DELETED) VALUES (25,25,1,"2020-09-10 22:30:00",2,0);
INSERT INTO TICKET (ID, PROJECTION_ID, SEAT_NUMBER, DATE, USER_ID, DELETED) VALUES (26,26,1,"2020-09-10 22:30:00",2,0);
INSERT INTO TICKET (ID, PROJECTION_ID, SEAT_NUMBER, DATE, USER_ID, DELETED) VALUES (27,27,1,"2020-09-10 22:30:00",2,0);
INSERT INTO TICKET (ID, PROJECTION_ID, SEAT_NUMBER, DATE, USER_ID, DELETED) VALUES (28,28,1,"2020-09-10 22:30:00",2,0);
INSERT INTO TICKET (ID, PROJECTION_ID, SEAT_NUMBER, DATE, USER_ID, DELETED) VALUES (29,29,1,"2020-09-10 22:30:00",2,0);
INSERT INTO TICKET (ID, PROJECTION_ID, SEAT_NUMBER, DATE, USER_ID, DELETED) VALUES (30,30,1,"2020-09-10 22:30:00",2,0);
INSERT INTO TICKET (ID, PROJECTION_ID, SEAT_NUMBER, DATE, USER_ID, DELETED) VALUES (31,31,1,"2020-09-10 22:30:00",2,0);
INSERT INTO TICKET (ID, PROJECTION_ID, SEAT_NUMBER, DATE, USER_ID, DELETED) VALUES (32,32,1,"2020-09-10 22:30:00",2,0);

--korisnik c druga karta za svaku projekciju sediste  4
INSERT INTO TICKET (ID, PROJECTION_ID, SEAT_NUMBER, DATE, USER_ID, DELETED) VALUES (33,1,4,"2020-09-10 22:30:00",3,0);
INSERT INTO TICKET (ID, PROJECTION_ID, SEAT_NUMBER, DATE, USER_ID, DELETED) VALUES (34,2,4,"2020-09-10 22:30:00",3,0);
INSERT INTO TICKET (ID, PROJECTION_ID, SEAT_NUMBER, DATE, USER_ID, DELETED) VALUES (35,3,4,"2020-09-10 22:30:00",3,0);
INSERT INTO TICKET (ID, PROJECTION_ID, SEAT_NUMBER, DATE, USER_ID, DELETED) VALUES (36,4,4,"2020-09-10 22:30:00",3,0);
INSERT INTO TICKET (ID, PROJECTION_ID, SEAT_NUMBER, DATE, USER_ID, DELETED) VALUES (37,5,4,"2020-09-10 22:30:00",3,0);
INSERT INTO TICKET (ID, PROJECTION_ID, SEAT_NUMBER, DATE, USER_ID, DELETED) VALUES (38,6,4,"2020-09-10 22:30:00",3,0);
INSERT INTO TICKET (ID, PROJECTION_ID, SEAT_NUMBER, DATE, USER_ID, DELETED) VALUES (39,7,4,"2020-09-10 22:30:00",3,0);
INSERT INTO TICKET (ID, PROJECTION_ID, SEAT_NUMBER, DATE, USER_ID, DELETED) VALUES (40,8,4,"2020-09-10 22:30:00",3,0);
INSERT INTO TICKET (ID, PROJECTION_ID, SEAT_NUMBER, DATE, USER_ID, DELETED) VALUES (41,9,4,"2020-09-10 22:30:00",3,0);
INSERT INTO TICKET (ID, PROJECTION_ID, SEAT_NUMBER, DATE, USER_ID, DELETED) VALUES (42,10,4,"2020-09-10 22:30:00",3,0);
INSERT INTO TICKET (ID, PROJECTION_ID, SEAT_NUMBER, DATE, USER_ID, DELETED) VALUES (43,11,4,"2020-09-10 22:30:00",3,0);
INSERT INTO TICKET (ID, PROJECTION_ID, SEAT_NUMBER, DATE, USER_ID, DELETED) VALUES (44,12,4,"2020-09-10 22:30:00",3,0);
INSERT INTO TICKET (ID, PROJECTION_ID, SEAT_NUMBER, DATE, USER_ID, DELETED) VALUES (45,13,4,"2020-09-10 22:30:00",3,0);
INSERT INTO TICKET (ID, PROJECTION_ID, SEAT_NUMBER, DATE, USER_ID, DELETED) VALUES (46,14,4,"2020-09-10 22:30:00",3,0);
INSERT INTO TICKET (ID, PROJECTION_ID, SEAT_NUMBER, DATE, USER_ID, DELETED) VALUES (47,15,4,"2020-09-10 22:30:00",3,0);
INSERT INTO TICKET (ID, PROJECTION_ID, SEAT_NUMBER, DATE, USER_ID, DELETED) VALUES (48,16,4,"2020-09-10 22:30:00",3,0);
INSERT INTO TICKET (ID, PROJECTION_ID, SEAT_NUMBER, DATE, USER_ID, DELETED) VALUES (49,17,4,"2020-09-10 22:30:00",3,0);
INSERT INTO TICKET (ID, PROJECTION_ID, SEAT_NUMBER, DATE, USER_ID, DELETED) VALUES (50,18,4,"2020-09-10 22:30:00",3,0);
INSERT INTO TICKET (ID, PROJECTION_ID, SEAT_NUMBER, DATE, USER_ID, DELETED) VALUES (51,19,4,"2020-09-10 22:30:00",3,0);
INSERT INTO TICKET (ID, PROJECTION_ID, SEAT_NUMBER, DATE, USER_ID, DELETED) VALUES (52,20,4,"2020-09-10 22:30:00",3,0);
INSERT INTO TICKET (ID, PROJECTION_ID, SEAT_NUMBER, DATE, USER_ID, DELETED) VALUES (53,21,4,"2020-09-10 22:30:00",3,0);
INSERT INTO TICKET (ID, PROJECTION_ID, SEAT_NUMBER, DATE, USER_ID, DELETED) VALUES (54,22,4,"2020-09-10 22:30:00",3,0);
INSERT INTO TICKET (ID, PROJECTION_ID, SEAT_NUMBER, DATE, USER_ID, DELETED) VALUES (55,23,4,"2020-09-10 22:30:00",3,0);
INSERT INTO TICKET (ID, PROJECTION_ID, SEAT_NUMBER, DATE, USER_ID, DELETED) VALUES (56,24,4,"2020-09-10 22:30:00",3,0);
INSERT INTO TICKET (ID, PROJECTION_ID, SEAT_NUMBER, DATE, USER_ID, DELETED) VALUES (57,25,4,"2020-09-10 22:30:00",3,0);
INSERT INTO TICKET (ID, PROJECTION_ID, SEAT_NUMBER, DATE, USER_ID, DELETED) VALUES (58,26,4,"2020-09-10 22:30:00",3,0);
INSERT INTO TICKET (ID, PROJECTION_ID, SEAT_NUMBER, DATE, USER_ID, DELETED) VALUES (59,27,4,"2020-09-10 22:30:00",3,0);
INSERT INTO TICKET (ID, PROJECTION_ID, SEAT_NUMBER, DATE, USER_ID, DELETED) VALUES (60,28,4,"2020-09-10 22:30:00",3,0);
INSERT INTO TICKET (ID, PROJECTION_ID, SEAT_NUMBER, DATE, USER_ID, DELETED) VALUES (61,29,4,"2020-09-10 22:30:00",3,0);
INSERT INTO TICKET (ID, PROJECTION_ID, SEAT_NUMBER, DATE, USER_ID, DELETED) VALUES (62,30,4,"2020-09-10 22:30:00",3,0);
INSERT INTO TICKET (ID, PROJECTION_ID, SEAT_NUMBER, DATE, USER_ID, DELETED) VALUES (63,31,4,"2020-09-10 22:30:00",3,0);
INSERT INTO TICKET (ID, PROJECTION_ID, SEAT_NUMBER, DATE, USER_ID, DELETED) VALUES (64,32,4,"2020-09-10 22:30:00",3,0);



--korisnik c prva karta za svaku projekciju sediste  3
INSERT INTO TICKET (ID, PROJECTION_ID, SEAT_NUMBER, DATE, USER_ID, DELETED) VALUES (65,1,3,"2020-09-10 22:30:00",3,0);
INSERT INTO TICKET (ID, PROJECTION_ID, SEAT_NUMBER, DATE, USER_ID, DELETED) VALUES (66,2,3,"2020-09-10 22:30:00",3,0);
INSERT INTO TICKET (ID, PROJECTION_ID, SEAT_NUMBER, DATE, USER_ID, DELETED) VALUES (67,3,3,"2020-09-10 22:30:00",3,0);
INSERT INTO TICKET (ID, PROJECTION_ID, SEAT_NUMBER, DATE, USER_ID, DELETED) VALUES (68,4,3,"2020-09-10 22:30:00",3,0);
INSERT INTO TICKET (ID, PROJECTION_ID, SEAT_NUMBER, DATE, USER_ID, DELETED) VALUES (69,5,3,"2020-09-10 22:30:00",3,0);
INSERT INTO TICKET (ID, PROJECTION_ID, SEAT_NUMBER, DATE, USER_ID, DELETED) VALUES (70,6,3,"2020-09-10 22:30:00",3,0);
INSERT INTO TICKET (ID, PROJECTION_ID, SEAT_NUMBER, DATE, USER_ID, DELETED) VALUES (71,7,3,"2020-09-10 22:30:00",3,0);
INSERT INTO TICKET (ID, PROJECTION_ID, SEAT_NUMBER, DATE, USER_ID, DELETED) VALUES (72,8,3,"2020-09-10 22:30:00",3,0);
INSERT INTO TICKET (ID, PROJECTION_ID, SEAT_NUMBER, DATE, USER_ID, DELETED) VALUES (73,9,3,"2020-09-10 22:30:00",3,0);
INSERT INTO TICKET (ID, PROJECTION_ID, SEAT_NUMBER, DATE, USER_ID, DELETED) VALUES (74,10,3,"2020-09-10 22:30:00",3,0);
INSERT INTO TICKET (ID, PROJECTION_ID, SEAT_NUMBER, DATE, USER_ID, DELETED) VALUES (75,11,3,"2020-09-10 22:30:00",3,0);
INSERT INTO TICKET (ID, PROJECTION_ID, SEAT_NUMBER, DATE, USER_ID, DELETED) VALUES (76,12,3,"2020-09-10 22:30:00",3,0);
INSERT INTO TICKET (ID, PROJECTION_ID, SEAT_NUMBER, DATE, USER_ID, DELETED) VALUES (77,13,3,"2020-09-10 22:30:00",3,0);
INSERT INTO TICKET (ID, PROJECTION_ID, SEAT_NUMBER, DATE, USER_ID, DELETED) VALUES (78,14,3,"2020-09-10 22:30:00",3,0);
INSERT INTO TICKET (ID, PROJECTION_ID, SEAT_NUMBER, DATE, USER_ID, DELETED) VALUES (79,15,3,"2020-09-10 22:30:00",3,0);
INSERT INTO TICKET (ID, PROJECTION_ID, SEAT_NUMBER, DATE, USER_ID, DELETED) VALUES (80,16,3,"2020-09-10 22:30:00",3,0);
INSERT INTO TICKET (ID, PROJECTION_ID, SEAT_NUMBER, DATE, USER_ID, DELETED) VALUES (81,17,3,"2020-09-10 22:30:00",3,0);
INSERT INTO TICKET (ID, PROJECTION_ID, SEAT_NUMBER, DATE, USER_ID, DELETED) VALUES (82,18,3,"2020-09-10 22:30:00",3,0);
INSERT INTO TICKET (ID, PROJECTION_ID, SEAT_NUMBER, DATE, USER_ID, DELETED) VALUES (83,19,3,"2020-09-10 22:30:00",3,0);
INSERT INTO TICKET (ID, PROJECTION_ID, SEAT_NUMBER, DATE, USER_ID, DELETED) VALUES (84,20,3,"2020-09-10 22:30:00",3,0);
INSERT INTO TICKET (ID, PROJECTION_ID, SEAT_NUMBER, DATE, USER_ID, DELETED) VALUES (85,21,3,"2020-09-10 22:30:00",3,0);
INSERT INTO TICKET (ID, PROJECTION_ID, SEAT_NUMBER, DATE, USER_ID, DELETED) VALUES (86,22,3,"2020-09-10 22:30:00",3,0);
INSERT INTO TICKET (ID, PROJECTION_ID, SEAT_NUMBER, DATE, USER_ID, DELETED) VALUES (87,23,3,"2020-09-10 22:30:00",3,0);
INSERT INTO TICKET (ID, PROJECTION_ID, SEAT_NUMBER, DATE, USER_ID, DELETED) VALUES (88,24,3,"2020-09-10 22:30:00",3,0);
INSERT INTO TICKET (ID, PROJECTION_ID, SEAT_NUMBER, DATE, USER_ID, DELETED) VALUES (89,25,3,"2020-09-10 22:30:00",3,0);
INSERT INTO TICKET (ID, PROJECTION_ID, SEAT_NUMBER, DATE, USER_ID, DELETED) VALUES (90,26,3,"2020-09-10 22:30:00",3,0);
INSERT INTO TICKET (ID, PROJECTION_ID, SEAT_NUMBER, DATE, USER_ID, DELETED) VALUES (91,27,3,"2020-09-10 22:30:00",3,0);
INSERT INTO TICKET (ID, PROJECTION_ID, SEAT_NUMBER, DATE, USER_ID, DELETED) VALUES (92,28,3,"2020-09-10 22:30:00",3,0);
INSERT INTO TICKET (ID, PROJECTION_ID, SEAT_NUMBER, DATE, USER_ID, DELETED) VALUES (93,29,3,"2020-09-10 22:30:00",3,0);
INSERT INTO TICKET (ID, PROJECTION_ID, SEAT_NUMBER, DATE, USER_ID, DELETED) VALUES (94,30,3,"2020-09-10 22:30:00",3,0);
INSERT INTO TICKET (ID, PROJECTION_ID, SEAT_NUMBER, DATE, USER_ID, DELETED) VALUES (95,31,3,"2020-09-10 22:30:00",3,0);
INSERT INTO TICKET (ID, PROJECTION_ID, SEAT_NUMBER, DATE, USER_ID, DELETED) VALUES (96,32,3,"2020-09-10 22:30:00",3,0);



--korisnik b druga karta za svaku projekciju sediste  2

INSERT INTO TICKET (ID, PROJECTION_ID, SEAT_NUMBER, DATE, USER_ID, DELETED) VALUES (97,1,2,"2020-09-10 22:30:00",2,0);
INSERT INTO TICKET (ID, PROJECTION_ID, SEAT_NUMBER, DATE, USER_ID, DELETED) VALUES (98,2,2,"2020-09-10 22:30:00",2,0);
INSERT INTO TICKET (ID, PROJECTION_ID, SEAT_NUMBER, DATE, USER_ID, DELETED) VALUES (99,3,2,"2020-09-10 22:30:00",2,0);
INSERT INTO TICKET (ID, PROJECTION_ID, SEAT_NUMBER, DATE, USER_ID, DELETED) VALUES (100,4,2,"2020-09-10 22:30:00",2,0);
INSERT INTO TICKET (ID, PROJECTION_ID, SEAT_NUMBER, DATE, USER_ID, DELETED) VALUES (101,5,2,"2020-09-10 22:30:00",2,0);
INSERT INTO TICKET (ID, PROJECTION_ID, SEAT_NUMBER, DATE, USER_ID, DELETED) VALUES (102,6,2,"2020-09-10 22:30:00",2,0);
INSERT INTO TICKET (ID, PROJECTION_ID, SEAT_NUMBER, DATE, USER_ID, DELETED) VALUES (103,7,2,"2020-09-10 22:30:00",2,0);
INSERT INTO TICKET (ID, PROJECTION_ID, SEAT_NUMBER, DATE, USER_ID, DELETED) VALUES (104,8,2,"2020-09-10 22:30:00",2,0);
INSERT INTO TICKET (ID, PROJECTION_ID, SEAT_NUMBER, DATE, USER_ID, DELETED) VALUES (105,9,2,"2020-09-10 22:30:00",2,0);
INSERT INTO TICKET (ID, PROJECTION_ID, SEAT_NUMBER, DATE, USER_ID, DELETED) VALUES (106,10,2,"2020-09-10 22:30:00",2,0);
INSERT INTO TICKET (ID, PROJECTION_ID, SEAT_NUMBER, DATE, USER_ID, DELETED) VALUES (107,11,2,"2020-09-10 22:30:00",2,0);
INSERT INTO TICKET (ID, PROJECTION_ID, SEAT_NUMBER, DATE, USER_ID, DELETED) VALUES (108,12,2,"2020-09-10 22:30:00",2,0);
INSERT INTO TICKET (ID, PROJECTION_ID, SEAT_NUMBER, DATE, USER_ID, DELETED) VALUES (109,13,2,"2020-09-10 22:30:00",2,0);
INSERT INTO TICKET (ID, PROJECTION_ID, SEAT_NUMBER, DATE, USER_ID, DELETED) VALUES (110,14,2,"2020-09-10 22:30:00",2,0);
INSERT INTO TICKET (ID, PROJECTION_ID, SEAT_NUMBER, DATE, USER_ID, DELETED) VALUES (111,15,2,"2020-09-10 22:30:00",2,0);
INSERT INTO TICKET (ID, PROJECTION_ID, SEAT_NUMBER, DATE, USER_ID, DELETED) VALUES (112,16,2,"2020-09-10 22:30:00",2,0);
INSERT INTO TICKET (ID, PROJECTION_ID, SEAT_NUMBER, DATE, USER_ID, DELETED) VALUES (113,17,2,"2020-09-10 22:30:00",2,0);
INSERT INTO TICKET (ID, PROJECTION_ID, SEAT_NUMBER, DATE, USER_ID, DELETED) VALUES (114,18,2,"2020-09-10 22:30:00",2,0);
INSERT INTO TICKET (ID, PROJECTION_ID, SEAT_NUMBER, DATE, USER_ID, DELETED) VALUES (115,19,2,"2020-09-10 22:30:00",2,0);
INSERT INTO TICKET (ID, PROJECTION_ID, SEAT_NUMBER, DATE, USER_ID, DELETED) VALUES (116,20,2,"2020-09-10 22:30:00",2,0);
INSERT INTO TICKET (ID, PROJECTION_ID, SEAT_NUMBER, DATE, USER_ID, DELETED) VALUES (117,21,2,"2020-09-10 22:30:00",2,0);
INSERT INTO TICKET (ID, PROJECTION_ID, SEAT_NUMBER, DATE, USER_ID, DELETED) VALUES (118,22,2,"2020-09-10 22:30:00",2,0);
INSERT INTO TICKET (ID, PROJECTION_ID, SEAT_NUMBER, DATE, USER_ID, DELETED) VALUES (119,23,2,"2020-09-10 22:30:00",2,0);
INSERT INTO TICKET (ID, PROJECTION_ID, SEAT_NUMBER, DATE, USER_ID, DELETED) VALUES (120,24,2,"2020-09-10 22:30:00",2,0);
INSERT INTO TICKET (ID, PROJECTION_ID, SEAT_NUMBER, DATE, USER_ID, DELETED) VALUES (121,25,2,"2020-09-10 22:30:00",2,0);
INSERT INTO TICKET (ID, PROJECTION_ID, SEAT_NUMBER, DATE, USER_ID, DELETED) VALUES (122,26,2,"2020-09-10 22:30:00",2,0);
INSERT INTO TICKET (ID, PROJECTION_ID, SEAT_NUMBER, DATE, USER_ID, DELETED) VALUES (123,27,2,"2020-09-10 22:30:00",2,0);
INSERT INTO TICKET (ID, PROJECTION_ID, SEAT_NUMBER, DATE, USER_ID, DELETED) VALUES (124,28,2,"2020-09-10 22:30:00",2,0);
INSERT INTO TICKET (ID, PROJECTION_ID, SEAT_NUMBER, DATE, USER_ID, DELETED) VALUES (125,29,2,"2020-09-10 22:30:00",2,0);
INSERT INTO TICKET (ID, PROJECTION_ID, SEAT_NUMBER, DATE, USER_ID, DELETED) VALUES (126,30,2,"2020-09-10 22:30:00",2,0);
INSERT INTO TICKET (ID, PROJECTION_ID, SEAT_NUMBER, DATE, USER_ID, DELETED) VALUES (127,31,2,"2020-09-10 22:30:00",2,0);
INSERT INTO TICKET (ID, PROJECTION_ID, SEAT_NUMBER, DATE, USER_ID, DELETED) VALUES (128,32,2,"2020-09-10 22:30:00",2,0);

